-- supabase_schema.sql
-- 工場点検管理システム Supabase スキーマ定義
-- 生成日: 2026-05-19

-- ============================================================
-- 1. DROP TABLE (IF EXISTS)
-- ============================================================
DROP TABLE IF EXISTS inspection_results CASCADE;
DROP TABLE IF EXISTS inspection_items CASCADE;
DROP TABLE IF EXISTS equipment CASCADE;
DROP TABLE IF EXISTS rooms CASCADE;
DROP TABLE IF EXISTS factories CASCADE;

-- ============================================================
-- 2. CREATE TABLE
-- ============================================================
CREATE TABLE factories (
  id integer PRIMARY KEY,
  name text NOT NULL
);

CREATE TABLE rooms (
  id integer PRIMARY KEY,
  factory_id integer REFERENCES factories(id),
  name text NOT NULL
);

CREATE TABLE equipment (
  id integer PRIMARY KEY,
  room_id integer REFERENCES rooms(id),
  name text NOT NULL,
  inspection_cycle_years integer NOT NULL DEFAULT 1,
  last_inspected_at date
);

CREATE TABLE inspection_items (
  id integer PRIMARY KEY,
  equipment_id integer REFERENCES equipment(id),
  item_name text NOT NULL
);

CREATE TABLE inspection_results (
  id uuid PRIMARY KEY DEFAULT gen_random_uuid(),
  inspection_item_id integer REFERENCES inspection_items(id),
  equipment_id integer REFERENCES equipment(id),
  room_id integer REFERENCES rooms(id),
  factory_id integer REFERENCES factories(id),
  record_type text NOT NULL DEFAULT 'inspection',
  result text,
  comment text,
  confirmed_at timestamptz,
  inspected_at timestamp DEFAULT now(),
  updated_at timestamp DEFAULT now(),
  UNIQUE(inspection_item_id)
);

-- ============================================================
-- 3. INSERT factories
-- ============================================================
INSERT INTO factories (id, name) VALUES
(1,'A工場'),(2,'B工場'),(3,'C工場'),(4,'D工場'),(5,'E工場'),
(6,'F工場'),(7,'G工場'),(8,'H工場'),(9,'I工場'),(10,'J工場'),
(11,'K工場'),(12,'L工場'),(13,'M工場'),(14,'N工場'),(15,'O工場'),
(16,'P工場'),(17,'Q工場'),(18,'R工場'),(19,'S工場'),(20,'T工場'),
(21,'U工場'),(22,'V工場'),(23,'W工場'),(24,'X工場'),(25,'Y工場'),
(26,'Z工場');

-- ============================================================
-- 4. INSERT rooms (125件)
-- ============================================================
INSERT INTO rooms (id, factory_id, name) VALUES
(1,1,'事務所'),(2,1,'電気室'),(3,1,'倉庫'),(4,1,'ボイラー室'),(5,1,'製造ライン1'),(6,2,'事務室'),(7,2,'材料庫'),(8,2,'製造室'),(9,2,'休憩室'),(10,3,'中央監視室'),(11,3,'製造エリアA'),(12,3,'製造エリアB'),(13,3,'危険物倉庫'),(14,3,'廊下'),(15,3,'更衣室'),(16,3,'受電室'),(17,4,'受電室'),(18,4,'製造ライン1'),(19,4,'製造ライン2'),(20,4,'廊下'),(21,4,'機械室'),(22,5,'事務所'),(23,5,'倉庫'),(24,5,'製造室'),(25,5,'ポンプ室'),(26,6,'事務室'),(27,6,'材料庫'),(28,6,'製造エリアA'),(29,6,'製造エリアB'),(30,6,'更衣室'),(31,6,'休憩室'),(32,7,'事務所'),(33,7,'危険物倉庫'),(34,7,'製造室'),(35,8,'事務室'),(36,8,'電気室'),(37,8,'倉庫'),(38,8,'製造ライン1'),(39,8,'製造ライン2'),(40,8,'廊下'),(41,8,'屋上'),(42,9,'事務所'),(43,9,'製造エリアA'),(44,9,'ボイラー室'),(45,9,'休憩室'),(46,10,'受電室'),(47,10,'製造室'),(48,10,'材料庫'),(49,10,'機械室'),(50,10,'廊下');
INSERT INTO rooms (id, factory_id, name) VALUES
(51,11,'事務所'),(52,11,'製造ライン1'),(53,11,'ポンプ室'),(54,12,'事務室'),(55,12,'中央監視室'),(56,12,'製造エリアA'),(57,12,'製造エリアB'),(58,12,'危険物倉庫'),(59,12,'屋上'),(60,13,'事務所'),(61,13,'製造室'),(62,13,'電気室'),(63,13,'廊下'),(64,14,'事務室'),(65,14,'材料庫'),(66,14,'製造ライン1'),(67,14,'ボイラー室'),(68,14,'休憩室'),(69,15,'事務所'),(70,15,'製造エリアA'),(71,15,'機械室'),(72,16,'事務室'),(73,16,'受電室'),(74,16,'製造エリアA'),(75,16,'製造エリアB'),(76,16,'危険物倉庫'),(77,16,'廊下'),(78,16,'ポンプ室'),(79,17,'事務所'),(80,17,'製造ライン1'),(81,17,'倉庫'),(82,17,'機械室'),(83,18,'事務室'),(84,18,'電気室'),(85,18,'製造室'),(86,18,'更衣室'),(87,18,'廊下'),(88,19,'事務所'),(89,19,'中央監視室'),(90,19,'製造ライン1'),(91,19,'製造ライン2'),(92,19,'危険物倉庫'),(93,19,'ポンプ室'),(94,20,'事務室'),(95,20,'製造エリアA'),(96,20,'機械室'),(97,21,'事務所'),(98,21,'製造室'),(99,21,'電気室'),(100,21,'屋上');
INSERT INTO rooms (id, factory_id, name) VALUES
(101,22,'事務室'),(102,22,'材料庫'),(103,22,'製造ライン1'),(104,22,'ボイラー室'),(105,22,'廊下'),(106,23,'事務所'),(107,23,'受電室'),(108,23,'製造エリアA'),(109,23,'製造エリアB'),(110,23,'危険物倉庫'),(111,23,'休憩室'),(112,23,'屋上'),(113,24,'事務室'),(114,24,'製造ライン1'),(115,24,'機械室'),(116,25,'事務所'),(117,25,'中央監視室'),(118,25,'製造室'),(119,25,'電気室'),(120,25,'廊下'),(121,25,'ポンプ室'),(122,26,'事務室'),(123,26,'製造ライン1'),(124,26,'危険物倉庫'),(125,26,'機械室');

-- ============================================================
-- 5. INSERT equipment (466件)
-- ============================================================
INSERT INTO equipment (id, room_id, name) VALUES
(1,1,'火災感知器'),(2,1,'消火器'),(3,1,'誘導灯'),(4,2,'受信機'),(5,2,'火災感知器'),(6,2,'消火器'),(7,3,'消火器'),(8,3,'防火扉'),(9,3,'火災感知器'),(10,4,'火災感知器'),(11,4,'消火器'),(12,4,'非常放送設備'),(13,5,'火災感知器'),(14,5,'受信機'),(15,5,'誘導灯'),(16,5,'防火扉'),(17,5,'非常放送設備'),(18,6,'消火器'),(19,6,'誘導灯'),(20,7,'消火器'),(21,7,'屋内消火栓'),(22,8,'消火器'),(23,8,'屋内消火栓'),(24,8,'誘導灯'),(25,9,'消火器'),(26,9,'誘導灯'),(27,10,'受信機'),(28,10,'火災感知器'),(29,10,'消火器'),(30,11,'火災感知器'),(31,11,'スプリンクラー'),(32,11,'排煙設備'),(33,11,'消火器'),(34,12,'火災感知器'),(35,12,'スプリンクラー'),(36,12,'消火器'),(37,13,'火災感知器'),(38,13,'消火器'),(39,13,'排煙設備'),(40,14,'火災感知器'),(41,14,'受信機'),(42,15,'消火器'),(43,15,'火災感知器'),(44,16,'受信機'),(45,16,'火災感知器'),(46,16,'消火器'),(47,16,'スプリンクラー'),(48,17,'受信機'),(49,17,'火災感知器'),(50,17,'消火器');
INSERT INTO equipment (id, room_id, name) VALUES
(51,17,'非常用照明'),(52,18,'火災感知器'),(53,18,'スプリンクラー'),(54,18,'排煙設備'),(55,18,'防火扉'),(56,18,'消火器'),(57,19,'火災感知器'),(58,19,'スプリンクラー'),(59,19,'誘導灯'),(60,19,'消火器'),(61,20,'誘導灯'),(62,20,'火災感知器'),(63,20,'非常用照明'),(64,21,'消火器'),(65,21,'消火ポンプ'),(66,21,'屋内消火栓'),(67,21,'排煙設備'),(68,22,'火災感知器'),(69,22,'消火器'),(70,22,'誘導灯'),(71,23,'消火器'),(72,23,'防火扉'),(73,23,'スプリンクラー'),(74,23,'火災感知器'),(75,24,'火災感知器'),(76,24,'排煙設備'),(77,24,'非常放送設備'),(78,24,'受信機'),(79,24,'消火器'),(80,25,'消火ポンプ'),(81,25,'連結送水管'),(82,25,'消火器'),(83,26,'火災感知器'),(84,26,'消火器'),(85,26,'誘導灯'),(86,26,'非常放送設備'),(87,27,'消火器'),(88,27,'防火扉'),(89,27,'火災感知器'),(90,28,'火災感知器'),(91,28,'スプリンクラー'),(92,28,'排煙設備'),(93,28,'防火扉'),(94,28,'誘導灯'),(95,29,'火災感知器'),(96,29,'スプリンクラー'),(97,29,'屋内消火栓'),(98,30,'火災感知器'),(99,30,'消火器'),(100,30,'誘導灯');
INSERT INTO equipment (id, room_id, name) VALUES
(101,31,'火災感知器'),(102,31,'消火器'),(103,31,'非常用照明'),(104,32,'消火器'),(105,32,'誘導灯'),(106,32,'火災感知器'),(107,33,'消火器'),(108,33,'防火扉'),(109,33,'排煙設備'),(110,33,'火災感知器'),(111,33,'スプリンクラー'),(112,34,'火災感知器'),(113,34,'消火器'),(114,34,'屋内消火栓'),(115,34,'非常放送設備'),(116,34,'誘導灯'),(117,34,'排煙設備'),(118,35,'火災感知器'),(119,35,'消火器'),(120,35,'誘導灯'),(121,36,'受信機'),(122,36,'火災感知器'),(123,36,'消火器'),(124,36,'非常用照明'),(125,37,'消火器'),(126,37,'防火扉'),(127,37,'火災感知器'),(128,38,'火災感知器'),(129,38,'スプリンクラー'),(130,38,'屋内消火栓'),(131,38,'誘導灯'),(132,38,'排煙設備'),(133,39,'火災感知器'),(134,39,'スプリンクラー'),(135,39,'防火扉'),(136,39,'消火器'),(137,40,'誘導灯'),(138,40,'火災感知器'),(139,40,'非常用照明'),(140,41,'消火器'),(141,41,'連結送水管'),(142,41,'消火ポンプ'),(143,42,'火災感知器'),(144,42,'消火器'),(145,42,'誘導灯'),(146,43,'火災感知器'),(147,43,'スプリンクラー'),(148,43,'排煙設備'),(149,43,'消火器'),(150,43,'防火扉');
INSERT INTO equipment (id, room_id, name) VALUES
(151,43,'屋内消火栓'),(152,44,'火災感知器'),(153,44,'消火器'),(154,44,'排煙設備'),(155,44,'非常放送設備'),(156,45,'消火器'),(157,45,'誘導灯'),(158,45,'非常用照明'),(159,46,'受信機'),(160,46,'火災感知器'),(161,46,'消火器'),(162,46,'非常用照明'),(163,47,'火災感知器'),(164,47,'スプリンクラー'),(165,47,'屋内消火栓'),(166,47,'誘導灯'),(167,47,'排煙設備'),(168,48,'消火器'),(169,48,'防火扉'),(170,48,'火災感知器'),(171,49,'消火ポンプ'),(172,49,'消火器'),(173,49,'連結送水管'),(174,49,'屋内消火栓'),(175,50,'誘導灯'),(176,50,'火災感知器'),(177,50,'非常用照明'),(178,51,'火災感知器'),(179,51,'消火器'),(180,51,'誘導灯'),(181,52,'火災感知器'),(182,52,'スプリンクラー'),(183,52,'防火扉'),(184,52,'消火器'),(185,52,'排煙設備'),(186,52,'非常放送設備'),(187,53,'消火ポンプ'),(188,53,'連結送水管'),(189,53,'消火器'),(190,54,'火災感知器'),(191,54,'消火器'),(192,54,'誘導灯'),(193,54,'非常放送設備'),(194,55,'受信機'),(195,55,'火災感知器'),(196,55,'消火器'),(197,55,'非常用照明'),(198,56,'火災感知器'),(199,56,'スプリンクラー'),(200,56,'排煙設備');
INSERT INTO equipment (id, room_id, name) VALUES
(201,56,'屋内消火栓'),(202,57,'火災感知器'),(203,57,'スプリンクラー'),(204,57,'防火扉'),(205,57,'消火器'),(206,58,'消火器'),(207,58,'防火扉'),(208,58,'排煙設備'),(209,58,'火災感知器'),(210,58,'スプリンクラー'),(211,59,'消火器'),(212,59,'連結送水管'),(213,60,'火災感知器'),(214,60,'消火器'),(215,60,'誘導灯'),(216,61,'火災感知器'),(217,61,'スプリンクラー'),(218,61,'屋内消火栓'),(219,61,'排煙設備'),(220,61,'消火器'),(221,62,'受信機'),(222,62,'火災感知器'),(223,62,'消火器'),(224,62,'非常用照明'),(225,63,'誘導灯'),(226,63,'火災感知器'),(227,63,'非常用照明'),(228,64,'火災感知器'),(229,64,'消火器'),(230,64,'誘導灯'),(231,64,'非常放送設備'),(232,65,'消火器'),(233,65,'防火扉'),(234,65,'火災感知器'),(235,66,'火災感知器'),(236,66,'スプリンクラー'),(237,66,'排煙設備'),(238,66,'防火扉'),(239,66,'屋内消火栓'),(240,67,'火災感知器'),(241,67,'消火器'),(242,67,'排煙設備'),(243,67,'非常放送設備'),(244,68,'消火器'),(245,68,'誘導灯'),(246,68,'非常用照明'),(247,69,'火災感知器'),(248,69,'消火器'),(249,69,'誘導灯'),(250,70,'火災感知器');
INSERT INTO equipment (id, room_id, name) VALUES
(251,70,'スプリンクラー'),(252,70,'排煙設備'),(253,70,'消火器'),(254,70,'屋内消火栓'),(255,70,'防火扉'),(256,71,'消火ポンプ'),(257,71,'消火器'),(258,71,'屋内消火栓'),(259,72,'火災感知器'),(260,72,'消火器'),(261,72,'誘導灯'),(262,73,'受信機'),(263,73,'火災感知器'),(264,73,'消火器'),(265,73,'非常用照明'),(266,74,'火災感知器'),(267,74,'スプリンクラー'),(268,74,'排煙設備'),(269,74,'屋内消火栓'),(270,75,'火災感知器'),(271,75,'スプリンクラー'),(272,75,'防火扉'),(273,75,'消火器'),(274,76,'消火器'),(275,76,'防火扉'),(276,76,'排煙設備'),(277,76,'火災感知器'),(278,77,'誘導灯'),(279,77,'火災感知器'),(280,77,'非常用照明'),(281,78,'消火ポンプ'),(282,78,'連結送水管'),(283,78,'消火器'),(284,79,'火災感知器'),(285,79,'消火器'),(286,79,'誘導灯'),(287,80,'火災感知器'),(288,80,'スプリンクラー'),(289,80,'排煙設備'),(290,80,'防火扉'),(291,80,'消火器'),(292,81,'消火器'),(293,81,'防火扉'),(294,81,'火災感知器'),(295,82,'消火ポンプ'),(296,82,'屋内消火栓'),(297,82,'消火器'),(298,82,'排煙設備'),(299,83,'火災感知器'),(300,83,'消火器');
INSERT INTO equipment (id, room_id, name) VALUES
(301,83,'誘導灯'),(302,83,'非常放送設備'),(303,84,'受信機'),(304,84,'火災感知器'),(305,84,'消火器'),(306,84,'非常用照明'),(307,85,'火災感知器'),(308,85,'スプリンクラー'),(309,85,'屋内消火栓'),(310,85,'排煙設備'),(311,85,'消火器'),(312,86,'消火器'),(313,86,'誘導灯'),(314,86,'火災感知器'),(315,87,'誘導灯'),(316,87,'火災感知器'),(317,87,'非常用照明'),(318,88,'火災感知器'),(319,88,'消火器'),(320,88,'誘導灯'),(321,89,'受信機'),(322,89,'火災感知器'),(323,89,'消火器'),(324,89,'非常用照明'),(325,90,'火災感知器'),(326,90,'スプリンクラー'),(327,90,'屋内消火栓'),(328,90,'排煙設備'),(329,90,'防火扉'),(330,91,'火災感知器'),(331,91,'スプリンクラー'),(332,91,'誘導灯'),(333,91,'消火器'),(334,92,'消火器'),(335,92,'防火扉'),(336,92,'排煙設備'),(337,92,'火災感知器'),(338,92,'スプリンクラー'),(339,93,'消火ポンプ'),(340,93,'連結送水管'),(341,93,'消火器'),(342,94,'火災感知器'),(343,94,'消火器'),(344,94,'誘導灯'),(345,95,'火災感知器'),(346,95,'スプリンクラー'),(347,95,'排煙設備'),(348,95,'消火器'),(349,95,'防火扉'),(350,95,'屋内消火栓');
INSERT INTO equipment (id, room_id, name) VALUES
(351,95,'非常放送設備'),(352,96,'消火ポンプ'),(353,96,'消火器'),(354,96,'連結送水管'),(355,97,'火災感知器'),(356,97,'消火器'),(357,97,'誘導灯'),(358,98,'火災感知器'),(359,98,'スプリンクラー'),(360,98,'屋内消火栓'),(361,98,'排煙設備'),(362,98,'消火器'),(363,99,'受信機'),(364,99,'火災感知器'),(365,99,'消火器'),(366,99,'非常用照明'),(367,100,'消火器'),(368,100,'連結送水管'),(369,100,'消火ポンプ'),(370,101,'火災感知器'),(371,101,'消火器'),(372,101,'誘導灯'),(373,101,'非常放送設備'),(374,102,'消火器'),(375,102,'防火扉'),(376,102,'火災感知器'),(377,103,'火災感知器'),(378,103,'スプリンクラー'),(379,103,'排煙設備'),(380,103,'防火扉'),(381,103,'屋内消火栓'),(382,104,'火災感知器'),(383,104,'消火器'),(384,104,'排煙設備'),(385,104,'非常放送設備'),(386,105,'誘導灯'),(387,105,'火災感知器'),(388,105,'非常用照明'),(389,106,'火災感知器'),(390,106,'消火器'),(391,106,'誘導灯'),(392,107,'受信機'),(393,107,'火災感知器'),(394,107,'消火器'),(395,107,'非常用照明'),(396,108,'火災感知器'),(397,108,'スプリンクラー'),(398,108,'排煙設備'),(399,108,'屋内消火栓'),(400,108,'防火扉');
INSERT INTO equipment (id, room_id, name) VALUES
(401,109,'火災感知器'),(402,109,'スプリンクラー'),(403,109,'消火器'),(404,109,'誘導灯'),(405,110,'消火器'),(406,110,'防火扉'),(407,110,'排煙設備'),(408,110,'火災感知器'),(409,111,'消火器'),(410,111,'誘導灯'),(411,111,'非常用照明'),(412,112,'消火器'),(413,112,'連結送水管'),(414,112,'消火ポンプ'),(415,113,'火災感知器'),(416,113,'消火器'),(417,113,'誘導灯'),(418,113,'非常放送設備'),(419,114,'火災感知器'),(420,114,'スプリンクラー'),(421,114,'屋内消火栓'),(422,114,'排煙設備'),(423,114,'防火扉'),(424,115,'消火ポンプ'),(425,115,'連結送水管'),(426,115,'消火器'),(427,116,'火災感知器'),(428,116,'消火器'),(429,116,'誘導灯'),(430,117,'受信機'),(431,117,'火災感知器'),(432,117,'消火器'),(433,117,'非常用照明'),(434,118,'火災感知器'),(435,118,'スプリンクラー'),(436,118,'排煙設備'),(437,118,'屋内消火栓'),(438,118,'消火器'),(439,119,'受信機'),(440,119,'火災感知器'),(441,119,'消火器'),(442,119,'非常用照明'),(443,120,'誘導灯'),(444,120,'火災感知器'),(445,120,'非常用照明'),(446,121,'消火ポンプ'),(447,121,'連結送水管'),(448,121,'消火器'),(449,122,'火災感知器'),(450,122,'消火器');
INSERT INTO equipment (id, room_id, name) VALUES
(451,122,'誘導灯'),(452,122,'非常放送設備'),(453,123,'火災感知器'),(454,123,'スプリンクラー'),(455,123,'排煙設備'),(456,123,'防火扉'),(457,123,'屋内消火栓'),(458,123,'消火器'),(459,124,'消火器'),(460,124,'防火扉'),(461,124,'排煙設備'),(462,124,'火災感知器'),(463,125,'消火ポンプ'),(464,125,'連結送水管'),(465,125,'消火器'),(466,125,'屋内消火栓');

-- ============================================================
-- 6. INSERT inspection_items (1683件)
-- ============================================================
INSERT INTO inspection_items (id, equipment_id, item_name) VALUES
(1,1,'外観異常なし'),(2,1,'汚損なし'),(3,1,'作動試験OK'),(4,1,'固定状態良好'),(5,2,'圧力正常'),(6,2,'使用期限内'),(7,2,'安全栓異常なし'),(8,2,'外観損傷なし'),(9,3,'点灯確認'),(10,3,'バッテリ正常'),(11,3,'外観異常なし'),(12,4,'電源正常'),(13,4,'異常表示なし'),(14,4,'バッテリ正常'),(15,4,'警報試験OK'),(16,5,'外観異常なし'),(17,5,'汚損なし'),(18,5,'作動試験OK'),(19,5,'固定状態良好'),(20,6,'圧力正常'),(21,6,'使用期限内'),(22,6,'安全栓異常なし'),(23,6,'外観損傷なし'),(24,7,'圧力正常'),(25,7,'使用期限内'),(26,7,'安全栓異常なし'),(27,7,'外観損傷なし'),(28,8,'開閉良好'),(29,8,'障害物なし'),(30,8,'自閉機構正常'),(31,9,'外観異常なし'),(32,9,'汚損なし'),(33,9,'作動試験OK'),(34,9,'固定状態良好'),(35,10,'外観異常なし'),(36,10,'汚損なし'),(37,10,'作動試験OK'),(38,10,'固定状態良好'),(39,11,'圧力正常'),(40,11,'使用期限内'),(41,11,'安全栓異常なし'),(42,11,'外観損傷なし'),(43,12,'電源正常'),(44,12,'放送試験OK'),(45,12,'マイク異常なし'),(46,13,'外観異常なし'),(47,13,'汚損なし'),(48,13,'作動試験OK'),(49,13,'固定状態良好'),(50,14,'電源正常');
INSERT INTO inspection_items (id, equipment_id, item_name) VALUES
(51,14,'異常表示なし'),(52,14,'バッテリ正常'),(53,14,'警報試験OK'),(54,15,'点灯確認'),(55,15,'バッテリ正常'),(56,15,'外観異常なし'),(57,16,'開閉良好'),(58,16,'障害物なし'),(59,16,'自閉機構正常'),(60,17,'電源正常'),(61,17,'放送試験OK'),(62,17,'マイク異常なし'),(63,18,'圧力正常'),(64,18,'使用期限内'),(65,18,'安全栓異常なし'),(66,18,'外観損傷なし'),(67,19,'点灯確認'),(68,19,'バッテリ正常'),(69,19,'外観異常なし'),(70,20,'圧力正常'),(71,20,'使用期限内'),(72,20,'安全栓異常なし'),(73,20,'外観損傷なし'),(74,21,'外観異常なし'),(75,21,'ホース損傷なし'),(76,21,'バルブ開閉良好'),(77,21,'水圧正常'),(78,22,'圧力正常'),(79,22,'使用期限内'),(80,22,'安全栓異常なし'),(81,22,'外観損傷なし'),(82,23,'外観異常なし'),(83,23,'ホース損傷なし'),(84,23,'バルブ開閉良好'),(85,23,'水圧正常'),(86,24,'点灯確認'),(87,24,'バッテリ正常'),(88,24,'外観異常なし'),(89,25,'圧力正常'),(90,25,'使用期限内'),(91,25,'安全栓異常なし'),(92,25,'外観損傷なし'),(93,26,'点灯確認'),(94,26,'バッテリ正常'),(95,26,'外観異常なし'),(96,27,'電源正常'),(97,27,'異常表示なし'),(98,27,'バッテリ正常'),(99,27,'警報試験OK'),(100,28,'外観異常なし');
INSERT INTO inspection_items (id, equipment_id, item_name) VALUES
(101,28,'汚損なし'),(102,28,'作動試験OK'),(103,28,'固定状態良好'),(104,29,'圧力正常'),(105,29,'使用期限内'),(106,29,'安全栓異常なし'),(107,29,'外観損傷なし'),(108,30,'外観異常なし'),(109,30,'汚損なし'),(110,30,'作動試験OK'),(111,30,'固定状態良好'),(112,31,'ヘッド外観異常なし'),(113,31,'配管漏れなし'),(114,31,'制御弁正常'),(115,31,'流水検知装置正常'),(116,32,'開放確認'),(117,32,'排煙量正常'),(118,32,'手動操作OK'),(119,33,'圧力正常'),(120,33,'使用期限内'),(121,33,'安全栓異常なし'),(122,33,'外観損傷なし'),(123,34,'外観異常なし'),(124,34,'汚損なし'),(125,34,'作動試験OK'),(126,34,'固定状態良好'),(127,35,'ヘッド外観異常なし'),(128,35,'配管漏れなし'),(129,35,'制御弁正常'),(130,35,'流水検知装置正常'),(131,36,'圧力正常'),(132,36,'使用期限内'),(133,36,'安全栓異常なし'),(134,36,'外観損傷なし'),(135,37,'外観異常なし'),(136,37,'汚損なし'),(137,37,'作動試験OK'),(138,37,'固定状態良好'),(139,38,'圧力正常'),(140,38,'使用期限内'),(141,38,'安全栓異常なし'),(142,38,'外観損傷なし'),(143,39,'開放確認'),(144,39,'排煙量正常'),(145,39,'手動操作OK'),(146,40,'外観異常なし'),(147,40,'汚損なし'),(148,40,'作動試験OK'),(149,40,'固定状態良好'),(150,41,'電源正常');
INSERT INTO inspection_items (id, equipment_id, item_name) VALUES
(151,41,'異常表示なし'),(152,41,'バッテリ正常'),(153,41,'警報試験OK'),(154,42,'圧力正常'),(155,42,'使用期限内'),(156,42,'安全栓異常なし'),(157,42,'外観損傷なし'),(158,43,'外観異常なし'),(159,43,'汚損なし'),(160,43,'作動試験OK'),(161,43,'固定状態良好'),(162,44,'電源正常'),(163,44,'異常表示なし'),(164,44,'バッテリ正常'),(165,44,'警報試験OK'),(166,45,'外観異常なし'),(167,45,'汚損なし'),(168,45,'作動試験OK'),(169,45,'固定状態良好'),(170,46,'圧力正常'),(171,46,'使用期限内'),(172,46,'安全栓異常なし'),(173,46,'外観損傷なし'),(174,47,'ヘッド外観異常なし'),(175,47,'配管漏れなし'),(176,47,'制御弁正常'),(177,47,'流水検知装置正常'),(178,48,'電源正常'),(179,48,'異常表示なし'),(180,48,'バッテリ正常'),(181,48,'警報試験OK'),(182,49,'外観異常なし'),(183,49,'汚損なし'),(184,49,'作動試験OK'),(185,49,'固定状態良好'),(186,50,'圧力正常'),(187,50,'使用期限内'),(188,50,'安全栓異常なし'),(189,50,'外観損傷なし'),(190,51,'点灯確認'),(191,51,'照度正常'),(192,51,'バッテリ正常'),(193,52,'外観異常なし'),(194,52,'汚損なし'),(195,52,'作動試験OK'),(196,52,'固定状態良好'),(197,53,'ヘッド外観異常なし'),(198,53,'配管漏れなし'),(199,53,'制御弁正常'),(200,53,'流水検知装置正常');
INSERT INTO inspection_items (id, equipment_id, item_name) VALUES
(201,54,'開放確認'),(202,54,'排煙量正常'),(203,54,'手動操作OK'),(204,55,'開閉良好'),(205,55,'障害物なし'),(206,55,'自閉機構正常'),(207,56,'圧力正常'),(208,56,'使用期限内'),(209,56,'安全栓異常なし'),(210,56,'外観損傷なし'),(211,57,'外観異常なし'),(212,57,'汚損なし'),(213,57,'作動試験OK'),(214,57,'固定状態良好'),(215,58,'ヘッド外観異常なし'),(216,58,'配管漏れなし'),(217,58,'制御弁正常'),(218,58,'流水検知装置正常'),(219,59,'点灯確認'),(220,59,'バッテリ正常'),(221,59,'外観異常なし'),(222,60,'圧力正常'),(223,60,'使用期限内'),(224,60,'安全栓異常なし'),(225,60,'外観損傷なし'),(226,61,'点灯確認'),(227,61,'バッテリ正常'),(228,61,'外観異常なし'),(229,62,'外観異常なし'),(230,62,'汚損なし'),(231,62,'作動試験OK'),(232,62,'固定状態良好'),(233,63,'点灯確認'),(234,63,'照度正常'),(235,63,'バッテリ正常'),(236,64,'圧力正常'),(237,64,'使用期限内'),(238,64,'安全栓異常なし'),(239,64,'外観損傷なし'),(240,65,'起動試験OK'),(241,65,'水圧正常'),(242,65,'外観異常なし'),(243,66,'外観異常なし'),(244,66,'ホース損傷なし'),(245,66,'バルブ開閉良好'),(246,66,'水圧正常'),(247,67,'開放確認'),(248,67,'排煙量正常'),(249,67,'手動操作OK'),(250,68,'外観異常なし');
INSERT INTO inspection_items (id, equipment_id, item_name) VALUES
(251,68,'汚損なし'),(252,68,'作動試験OK'),(253,68,'固定状態良好'),(254,69,'圧力正常'),(255,69,'使用期限内'),(256,69,'安全栓異常なし'),(257,69,'外観損傷なし'),(258,70,'点灯確認'),(259,70,'バッテリ正常'),(260,70,'外観異常なし'),(261,71,'圧力正常'),(262,71,'使用期限内'),(263,71,'安全栓異常なし'),(264,71,'外観損傷なし'),(265,72,'開閉良好'),(266,72,'障害物なし'),(267,72,'自閉機構正常'),(268,73,'ヘッド外観異常なし'),(269,73,'配管漏れなし'),(270,73,'制御弁正常'),(271,73,'流水検知装置正常'),(272,74,'外観異常なし'),(273,74,'汚損なし'),(274,74,'作動試験OK'),(275,74,'固定状態良好'),(276,75,'外観異常なし'),(277,75,'汚損なし'),(278,75,'作動試験OK'),(279,75,'固定状態良好'),(280,76,'開放確認'),(281,76,'排煙量正常'),(282,76,'手動操作OK'),(283,77,'電源正常'),(284,77,'放送試験OK'),(285,77,'マイク異常なし'),(286,78,'電源正常'),(287,78,'異常表示なし'),(288,78,'バッテリ正常'),(289,78,'警報試験OK'),(290,79,'圧力正常'),(291,79,'使用期限内'),(292,79,'安全栓異常なし'),(293,79,'外観損傷なし'),(294,80,'起動試験OK'),(295,80,'水圧正常'),(296,80,'外観異常なし'),(297,81,'外観異常なし'),(298,81,'送水口正常'),(299,81,'放水口正常'),(300,82,'圧力正常');
INSERT INTO inspection_items (id, equipment_id, item_name) VALUES
(301,82,'使用期限内'),(302,82,'安全栓異常なし'),(303,82,'外観損傷なし'),(304,83,'外観異常なし'),(305,83,'汚損なし'),(306,83,'作動試験OK'),(307,83,'固定状態良好'),(308,84,'圧力正常'),(309,84,'使用期限内'),(310,84,'安全栓異常なし'),(311,84,'外観損傷なし'),(312,85,'点灯確認'),(313,85,'バッテリ正常'),(314,85,'外観異常なし'),(315,86,'電源正常'),(316,86,'放送試験OK'),(317,86,'マイク異常なし'),(318,87,'圧力正常'),(319,87,'使用期限内'),(320,87,'安全栓異常なし'),(321,87,'外観損傷なし'),(322,88,'開閉良好'),(323,88,'障害物なし'),(324,88,'自閉機構正常'),(325,89,'外観異常なし'),(326,89,'汚損なし'),(327,89,'作動試験OK'),(328,89,'固定状態良好'),(329,90,'外観異常なし'),(330,90,'汚損なし'),(331,90,'作動試験OK'),(332,90,'固定状態良好'),(333,91,'ヘッド外観異常なし'),(334,91,'配管漏れなし'),(335,91,'制御弁正常'),(336,91,'流水検知装置正常'),(337,92,'開放確認'),(338,92,'排煙量正常'),(339,92,'手動操作OK'),(340,93,'開閉良好'),(341,93,'障害物なし'),(342,93,'自閉機構正常'),(343,94,'点灯確認'),(344,94,'バッテリ正常'),(345,94,'外観異常なし'),(346,95,'外観異常なし'),(347,95,'汚損なし'),(348,95,'作動試験OK'),(349,95,'固定状態良好'),(350,96,'ヘッド外観異常なし');
INSERT INTO inspection_items (id, equipment_id, item_name) VALUES
(351,96,'配管漏れなし'),(352,96,'制御弁正常'),(353,96,'流水検知装置正常'),(354,97,'外観異常なし'),(355,97,'ホース損傷なし'),(356,97,'バルブ開閉良好'),(357,97,'水圧正常'),(358,98,'外観異常なし'),(359,98,'汚損なし'),(360,98,'作動試験OK'),(361,98,'固定状態良好'),(362,99,'圧力正常'),(363,99,'使用期限内'),(364,99,'安全栓異常なし'),(365,99,'外観損傷なし'),(366,100,'点灯確認'),(367,100,'バッテリ正常'),(368,100,'外観異常なし'),(369,101,'外観異常なし'),(370,101,'汚損なし'),(371,101,'作動試験OK'),(372,101,'固定状態良好'),(373,102,'圧力正常'),(374,102,'使用期限内'),(375,102,'安全栓異常なし'),(376,102,'外観損傷なし'),(377,103,'点灯確認'),(378,103,'照度正常'),(379,103,'バッテリ正常'),(380,104,'圧力正常'),(381,104,'使用期限内'),(382,104,'安全栓異常なし'),(383,104,'外観損傷なし'),(384,105,'点灯確認'),(385,105,'バッテリ正常'),(386,105,'外観異常なし'),(387,106,'外観異常なし'),(388,106,'汚損なし'),(389,106,'作動試験OK'),(390,106,'固定状態良好'),(391,107,'圧力正常'),(392,107,'使用期限内'),(393,107,'安全栓異常なし'),(394,107,'外観損傷なし'),(395,108,'開閉良好'),(396,108,'障害物なし'),(397,108,'自閉機構正常'),(398,109,'開放確認'),(399,109,'排煙量正常'),(400,109,'手動操作OK');
INSERT INTO inspection_items (id, equipment_id, item_name) VALUES
(401,110,'外観異常なし'),(402,110,'汚損なし'),(403,110,'作動試験OK'),(404,110,'固定状態良好'),(405,111,'ヘッド外観異常なし'),(406,111,'配管漏れなし'),(407,111,'制御弁正常'),(408,111,'流水検知装置正常'),(409,112,'外観異常なし'),(410,112,'汚損なし'),(411,112,'作動試験OK'),(412,112,'固定状態良好'),(413,113,'圧力正常'),(414,113,'使用期限内'),(415,113,'安全栓異常なし'),(416,113,'外観損傷なし'),(417,114,'外観異常なし'),(418,114,'ホース損傷なし'),(419,114,'バルブ開閉良好'),(420,114,'水圧正常'),(421,115,'電源正常'),(422,115,'放送試験OK'),(423,115,'マイク異常なし'),(424,116,'点灯確認'),(425,116,'バッテリ正常'),(426,116,'外観異常なし'),(427,117,'開放確認'),(428,117,'排煙量正常'),(429,117,'手動操作OK'),(430,118,'外観異常なし'),(431,118,'汚損なし'),(432,118,'作動試験OK'),(433,118,'固定状態良好'),(434,119,'圧力正常'),(435,119,'使用期限内'),(436,119,'安全栓異常なし'),(437,119,'外観損傷なし'),(438,120,'点灯確認'),(439,120,'バッテリ正常'),(440,120,'外観異常なし'),(441,121,'電源正常'),(442,121,'異常表示なし'),(443,121,'バッテリ正常'),(444,121,'警報試験OK'),(445,122,'外観異常なし'),(446,122,'汚損なし'),(447,122,'作動試験OK'),(448,122,'固定状態良好'),(449,123,'圧力正常'),(450,123,'使用期限内');
INSERT INTO inspection_items (id, equipment_id, item_name) VALUES
(451,123,'安全栓異常なし'),(452,123,'外観損傷なし'),(453,124,'点灯確認'),(454,124,'照度正常'),(455,124,'バッテリ正常'),(456,125,'圧力正常'),(457,125,'使用期限内'),(458,125,'安全栓異常なし'),(459,125,'外観損傷なし'),(460,126,'開閉良好'),(461,126,'障害物なし'),(462,126,'自閉機構正常'),(463,127,'外観異常なし'),(464,127,'汚損なし'),(465,127,'作動試験OK'),(466,127,'固定状態良好'),(467,128,'外観異常なし'),(468,128,'汚損なし'),(469,128,'作動試験OK'),(470,128,'固定状態良好'),(471,129,'ヘッド外観異常なし'),(472,129,'配管漏れなし'),(473,129,'制御弁正常'),(474,129,'流水検知装置正常'),(475,130,'外観異常なし'),(476,130,'ホース損傷なし'),(477,130,'バルブ開閉良好'),(478,130,'水圧正常'),(479,131,'点灯確認'),(480,131,'バッテリ正常'),(481,131,'外観異常なし'),(482,132,'開放確認'),(483,132,'排煙量正常'),(484,132,'手動操作OK'),(485,133,'外観異常なし'),(486,133,'汚損なし'),(487,133,'作動試験OK'),(488,133,'固定状態良好'),(489,134,'ヘッド外観異常なし'),(490,134,'配管漏れなし'),(491,134,'制御弁正常'),(492,134,'流水検知装置正常'),(493,135,'開閉良好'),(494,135,'障害物なし'),(495,135,'自閉機構正常'),(496,136,'圧力正常'),(497,136,'使用期限内'),(498,136,'安全栓異常なし'),(499,136,'外観損傷なし'),(500,137,'点灯確認');
INSERT INTO inspection_items (id, equipment_id, item_name) VALUES
(501,137,'バッテリ正常'),(502,137,'外観異常なし'),(503,138,'外観異常なし'),(504,138,'汚損なし'),(505,138,'作動試験OK'),(506,138,'固定状態良好'),(507,139,'点灯確認'),(508,139,'照度正常'),(509,139,'バッテリ正常'),(510,140,'圧力正常'),(511,140,'使用期限内'),(512,140,'安全栓異常なし'),(513,140,'外観損傷なし'),(514,141,'外観異常なし'),(515,141,'送水口正常'),(516,141,'放水口正常'),(517,142,'起動試験OK'),(518,142,'水圧正常'),(519,142,'外観異常なし'),(520,143,'外観異常なし'),(521,143,'汚損なし'),(522,143,'作動試験OK'),(523,143,'固定状態良好'),(524,144,'圧力正常'),(525,144,'使用期限内'),(526,144,'安全栓異常なし'),(527,144,'外観損傷なし'),(528,145,'点灯確認'),(529,145,'バッテリ正常'),(530,145,'外観異常なし'),(531,146,'外観異常なし'),(532,146,'汚損なし'),(533,146,'作動試験OK'),(534,146,'固定状態良好'),(535,147,'ヘッド外観異常なし'),(536,147,'配管漏れなし'),(537,147,'制御弁正常'),(538,147,'流水検知装置正常'),(539,148,'開放確認'),(540,148,'排煙量正常'),(541,148,'手動操作OK'),(542,149,'圧力正常'),(543,149,'使用期限内'),(544,149,'安全栓異常なし'),(545,149,'外観損傷なし'),(546,150,'開閉良好'),(547,150,'障害物なし'),(548,150,'自閉機構正常'),(549,151,'外観異常なし'),(550,151,'ホース損傷なし');
INSERT INTO inspection_items (id, equipment_id, item_name) VALUES
(551,151,'バルブ開閉良好'),(552,151,'水圧正常'),(553,152,'外観異常なし'),(554,152,'汚損なし'),(555,152,'作動試験OK'),(556,152,'固定状態良好'),(557,153,'圧力正常'),(558,153,'使用期限内'),(559,153,'安全栓異常なし'),(560,153,'外観損傷なし'),(561,154,'開放確認'),(562,154,'排煙量正常'),(563,154,'手動操作OK'),(564,155,'電源正常'),(565,155,'放送試験OK'),(566,155,'マイク異常なし'),(567,156,'圧力正常'),(568,156,'使用期限内'),(569,156,'安全栓異常なし'),(570,156,'外観損傷なし'),(571,157,'点灯確認'),(572,157,'バッテリ正常'),(573,157,'外観異常なし'),(574,158,'点灯確認'),(575,158,'照度正常'),(576,158,'バッテリ正常'),(577,159,'電源正常'),(578,159,'異常表示なし'),(579,159,'バッテリ正常'),(580,159,'警報試験OK'),(581,160,'外観異常なし'),(582,160,'汚損なし'),(583,160,'作動試験OK'),(584,160,'固定状態良好'),(585,161,'圧力正常'),(586,161,'使用期限内'),(587,161,'安全栓異常なし'),(588,161,'外観損傷なし'),(589,162,'点灯確認'),(590,162,'照度正常'),(591,162,'バッテリ正常'),(592,163,'外観異常なし'),(593,163,'汚損なし'),(594,163,'作動試験OK'),(595,163,'固定状態良好'),(596,164,'ヘッド外観異常なし'),(597,164,'配管漏れなし'),(598,164,'制御弁正常'),(599,164,'流水検知装置正常'),(600,165,'外観異常なし');
INSERT INTO inspection_items (id, equipment_id, item_name) VALUES
(601,165,'ホース損傷なし'),(602,165,'バルブ開閉良好'),(603,165,'水圧正常'),(604,166,'点灯確認'),(605,166,'バッテリ正常'),(606,166,'外観異常なし'),(607,167,'開放確認'),(608,167,'排煙量正常'),(609,167,'手動操作OK'),(610,168,'圧力正常'),(611,168,'使用期限内'),(612,168,'安全栓異常なし'),(613,168,'外観損傷なし'),(614,169,'開閉良好'),(615,169,'障害物なし'),(616,169,'自閉機構正常'),(617,170,'外観異常なし'),(618,170,'汚損なし'),(619,170,'作動試験OK'),(620,170,'固定状態良好'),(621,171,'起動試験OK'),(622,171,'水圧正常'),(623,171,'外観異常なし'),(624,172,'圧力正常'),(625,172,'使用期限内'),(626,172,'安全栓異常なし'),(627,172,'外観損傷なし'),(628,173,'外観異常なし'),(629,173,'送水口正常'),(630,173,'放水口正常'),(631,174,'外観異常なし'),(632,174,'ホース損傷なし'),(633,174,'バルブ開閉良好'),(634,174,'水圧正常'),(635,175,'点灯確認'),(636,175,'バッテリ正常'),(637,175,'外観異常なし'),(638,176,'外観異常なし'),(639,176,'汚損なし'),(640,176,'作動試験OK'),(641,176,'固定状態良好'),(642,177,'点灯確認'),(643,177,'照度正常'),(644,177,'バッテリ正常'),(645,178,'外観異常なし'),(646,178,'汚損なし'),(647,178,'作動試験OK'),(648,178,'固定状態良好'),(649,179,'圧力正常'),(650,179,'使用期限内');
INSERT INTO inspection_items (id, equipment_id, item_name) VALUES
(651,179,'安全栓異常なし'),(652,179,'外観損傷なし'),(653,180,'点灯確認'),(654,180,'バッテリ正常'),(655,180,'外観異常なし'),(656,181,'外観異常なし'),(657,181,'汚損なし'),(658,181,'作動試験OK'),(659,181,'固定状態良好'),(660,182,'ヘッド外観異常なし'),(661,182,'配管漏れなし'),(662,182,'制御弁正常'),(663,182,'流水検知装置正常'),(664,183,'開閉良好'),(665,183,'障害物なし'),(666,183,'自閉機構正常'),(667,184,'圧力正常'),(668,184,'使用期限内'),(669,184,'安全栓異常なし'),(670,184,'外観損傷なし'),(671,185,'開放確認'),(672,185,'排煙量正常'),(673,185,'手動操作OK'),(674,186,'電源正常'),(675,186,'放送試験OK'),(676,186,'マイク異常なし'),(677,187,'起動試験OK'),(678,187,'水圧正常'),(679,187,'外観異常なし'),(680,188,'外観異常なし'),(681,188,'送水口正常'),(682,188,'放水口正常'),(683,189,'圧力正常'),(684,189,'使用期限内'),(685,189,'安全栓異常なし'),(686,189,'外観損傷なし'),(687,190,'外観異常なし'),(688,190,'汚損なし'),(689,190,'作動試験OK'),(690,190,'固定状態良好'),(691,191,'圧力正常'),(692,191,'使用期限内'),(693,191,'安全栓異常なし'),(694,191,'外観損傷なし'),(695,192,'点灯確認'),(696,192,'バッテリ正常'),(697,192,'外観異常なし'),(698,193,'電源正常'),(699,193,'放送試験OK'),(700,193,'マイク異常なし');
INSERT INTO inspection_items (id, equipment_id, item_name) VALUES
(701,194,'電源正常'),(702,194,'異常表示なし'),(703,194,'バッテリ正常'),(704,194,'警報試験OK'),(705,195,'外観異常なし'),(706,195,'汚損なし'),(707,195,'作動試験OK'),(708,195,'固定状態良好'),(709,196,'圧力正常'),(710,196,'使用期限内'),(711,196,'安全栓異常なし'),(712,196,'外観損傷なし'),(713,197,'点灯確認'),(714,197,'照度正常'),(715,197,'バッテリ正常'),(716,198,'外観異常なし'),(717,198,'汚損なし'),(718,198,'作動試験OK'),(719,198,'固定状態良好'),(720,199,'ヘッド外観異常なし'),(721,199,'配管漏れなし'),(722,199,'制御弁正常'),(723,199,'流水検知装置正常'),(724,200,'開放確認'),(725,200,'排煙量正常'),(726,200,'手動操作OK'),(727,201,'外観異常なし'),(728,201,'ホース損傷なし'),(729,201,'バルブ開閉良好'),(730,201,'水圧正常'),(731,202,'外観異常なし'),(732,202,'汚損なし'),(733,202,'作動試験OK'),(734,202,'固定状態良好'),(735,203,'ヘッド外観異常なし'),(736,203,'配管漏れなし'),(737,203,'制御弁正常'),(738,203,'流水検知装置正常'),(739,204,'開閉良好'),(740,204,'障害物なし'),(741,204,'自閉機構正常'),(742,205,'圧力正常'),(743,205,'使用期限内'),(744,205,'安全栓異常なし'),(745,205,'外観損傷なし'),(746,206,'圧力正常'),(747,206,'使用期限内'),(748,206,'安全栓異常なし'),(749,206,'外観損傷なし'),(750,207,'開閉良好');
INSERT INTO inspection_items (id, equipment_id, item_name) VALUES
(751,207,'障害物なし'),(752,207,'自閉機構正常'),(753,208,'開放確認'),(754,208,'排煙量正常'),(755,208,'手動操作OK'),(756,209,'外観異常なし'),(757,209,'汚損なし'),(758,209,'作動試験OK'),(759,209,'固定状態良好'),(760,210,'ヘッド外観異常なし'),(761,210,'配管漏れなし'),(762,210,'制御弁正常'),(763,210,'流水検知装置正常'),(764,211,'圧力正常'),(765,211,'使用期限内'),(766,211,'安全栓異常なし'),(767,211,'外観損傷なし'),(768,212,'外観異常なし'),(769,212,'送水口正常'),(770,212,'放水口正常'),(771,213,'外観異常なし'),(772,213,'汚損なし'),(773,213,'作動試験OK'),(774,213,'固定状態良好'),(775,214,'圧力正常'),(776,214,'使用期限内'),(777,214,'安全栓異常なし'),(778,214,'外観損傷なし'),(779,215,'点灯確認'),(780,215,'バッテリ正常'),(781,215,'外観異常なし'),(782,216,'外観異常なし'),(783,216,'汚損なし'),(784,216,'作動試験OK'),(785,216,'固定状態良好'),(786,217,'ヘッド外観異常なし'),(787,217,'配管漏れなし'),(788,217,'制御弁正常'),(789,217,'流水検知装置正常'),(790,218,'外観異常なし'),(791,218,'ホース損傷なし'),(792,218,'バルブ開閉良好'),(793,218,'水圧正常'),(794,219,'開放確認'),(795,219,'排煙量正常'),(796,219,'手動操作OK'),(797,220,'圧力正常'),(798,220,'使用期限内'),(799,220,'安全栓異常なし'),(800,220,'外観損傷なし');
INSERT INTO inspection_items (id, equipment_id, item_name) VALUES
(801,221,'電源正常'),(802,221,'異常表示なし'),(803,221,'バッテリ正常'),(804,221,'警報試験OK'),(805,222,'外観異常なし'),(806,222,'汚損なし'),(807,222,'作動試験OK'),(808,222,'固定状態良好'),(809,223,'圧力正常'),(810,223,'使用期限内'),(811,223,'安全栓異常なし'),(812,223,'外観損傷なし'),(813,224,'点灯確認'),(814,224,'照度正常'),(815,224,'バッテリ正常'),(816,225,'点灯確認'),(817,225,'バッテリ正常'),(818,225,'外観異常なし'),(819,226,'外観異常なし'),(820,226,'汚損なし'),(821,226,'作動試験OK'),(822,226,'固定状態良好'),(823,227,'点灯確認'),(824,227,'照度正常'),(825,227,'バッテリ正常'),(826,228,'外観異常なし'),(827,228,'汚損なし'),(828,228,'作動試験OK'),(829,228,'固定状態良好'),(830,229,'圧力正常'),(831,229,'使用期限内'),(832,229,'安全栓異常なし'),(833,229,'外観損傷なし'),(834,230,'点灯確認'),(835,230,'バッテリ正常'),(836,230,'外観異常なし'),(837,231,'電源正常'),(838,231,'放送試験OK'),(839,231,'マイク異常なし'),(840,232,'圧力正常'),(841,232,'使用期限内'),(842,232,'安全栓異常なし'),(843,232,'外観損傷なし'),(844,233,'開閉良好'),(845,233,'障害物なし'),(846,233,'自閉機構正常'),(847,234,'外観異常なし'),(848,234,'汚損なし'),(849,234,'作動試験OK'),(850,234,'固定状態良好');
INSERT INTO inspection_items (id, equipment_id, item_name) VALUES
(851,235,'外観異常なし'),(852,235,'汚損なし'),(853,235,'作動試験OK'),(854,235,'固定状態良好'),(855,236,'ヘッド外観異常なし'),(856,236,'配管漏れなし'),(857,236,'制御弁正常'),(858,236,'流水検知装置正常'),(859,237,'開放確認'),(860,237,'排煙量正常'),(861,237,'手動操作OK'),(862,238,'開閉良好'),(863,238,'障害物なし'),(864,238,'自閉機構正常'),(865,239,'外観異常なし'),(866,239,'ホース損傷なし'),(867,239,'バルブ開閉良好'),(868,239,'水圧正常'),(869,240,'外観異常なし'),(870,240,'汚損なし'),(871,240,'作動試験OK'),(872,240,'固定状態良好'),(873,241,'圧力正常'),(874,241,'使用期限内'),(875,241,'安全栓異常なし'),(876,241,'外観損傷なし'),(877,242,'開放確認'),(878,242,'排煙量正常'),(879,242,'手動操作OK'),(880,243,'電源正常'),(881,243,'放送試験OK'),(882,243,'マイク異常なし'),(883,244,'圧力正常'),(884,244,'使用期限内'),(885,244,'安全栓異常なし'),(886,244,'外観損傷なし'),(887,245,'点灯確認'),(888,245,'バッテリ正常'),(889,245,'外観異常なし'),(890,246,'点灯確認'),(891,246,'照度正常'),(892,246,'バッテリ正常'),(893,247,'外観異常なし'),(894,247,'汚損なし'),(895,247,'作動試験OK'),(896,247,'固定状態良好'),(897,248,'圧力正常'),(898,248,'使用期限内'),(899,248,'安全栓異常なし'),(900,248,'外観損傷なし');
INSERT INTO inspection_items (id, equipment_id, item_name) VALUES
(901,249,'点灯確認'),(902,249,'バッテリ正常'),(903,249,'外観異常なし'),(904,250,'外観異常なし'),(905,250,'汚損なし'),(906,250,'作動試験OK'),(907,250,'固定状態良好'),(908,251,'ヘッド外観異常なし'),(909,251,'配管漏れなし'),(910,251,'制御弁正常'),(911,251,'流水検知装置正常'),(912,252,'開放確認'),(913,252,'排煙量正常'),(914,252,'手動操作OK'),(915,253,'圧力正常'),(916,253,'使用期限内'),(917,253,'安全栓異常なし'),(918,253,'外観損傷なし'),(919,254,'外観異常なし'),(920,254,'ホース損傷なし'),(921,254,'バルブ開閉良好'),(922,254,'水圧正常'),(923,255,'開閉良好'),(924,255,'障害物なし'),(925,255,'自閉機構正常'),(926,256,'起動試験OK'),(927,256,'水圧正常'),(928,256,'外観異常なし'),(929,257,'圧力正常'),(930,257,'使用期限内'),(931,257,'安全栓異常なし'),(932,257,'外観損傷なし'),(933,258,'外観異常なし'),(934,258,'ホース損傷なし'),(935,258,'バルブ開閉良好'),(936,258,'水圧正常'),(937,259,'外観異常なし'),(938,259,'汚損なし'),(939,259,'作動試験OK'),(940,259,'固定状態良好'),(941,260,'圧力正常'),(942,260,'使用期限内'),(943,260,'安全栓異常なし'),(944,260,'外観損傷なし'),(945,261,'点灯確認'),(946,261,'バッテリ正常'),(947,261,'外観異常なし'),(948,262,'電源正常'),(949,262,'異常表示なし'),(950,262,'バッテリ正常');
INSERT INTO inspection_items (id, equipment_id, item_name) VALUES
(951,262,'警報試験OK'),(952,263,'外観異常なし'),(953,263,'汚損なし'),(954,263,'作動試験OK'),(955,263,'固定状態良好'),(956,264,'圧力正常'),(957,264,'使用期限内'),(958,264,'安全栓異常なし'),(959,264,'外観損傷なし'),(960,265,'点灯確認'),(961,265,'照度正常'),(962,265,'バッテリ正常'),(963,266,'外観異常なし'),(964,266,'汚損なし'),(965,266,'作動試験OK'),(966,266,'固定状態良好'),(967,267,'ヘッド外観異常なし'),(968,267,'配管漏れなし'),(969,267,'制御弁正常'),(970,267,'流水検知装置正常'),(971,268,'開放確認'),(972,268,'排煙量正常'),(973,268,'手動操作OK'),(974,269,'外観異常なし'),(975,269,'ホース損傷なし'),(976,269,'バルブ開閉良好'),(977,269,'水圧正常'),(978,270,'外観異常なし'),(979,270,'汚損なし'),(980,270,'作動試験OK'),(981,270,'固定状態良好'),(982,271,'ヘッド外観異常なし'),(983,271,'配管漏れなし'),(984,271,'制御弁正常'),(985,271,'流水検知装置正常'),(986,272,'開閉良好'),(987,272,'障害物なし'),(988,272,'自閉機構正常'),(989,273,'圧力正常'),(990,273,'使用期限内'),(991,273,'安全栓異常なし'),(992,273,'外観損傷なし'),(993,274,'圧力正常'),(994,274,'使用期限内'),(995,274,'安全栓異常なし'),(996,274,'外観損傷なし'),(997,275,'開閉良好'),(998,275,'障害物なし'),(999,275,'自閉機構正常'),(1000,276,'開放確認');
INSERT INTO inspection_items (id, equipment_id, item_name) VALUES
(1001,276,'排煙量正常'),(1002,276,'手動操作OK'),(1003,277,'外観異常なし'),(1004,277,'汚損なし'),(1005,277,'作動試験OK'),(1006,277,'固定状態良好'),(1007,278,'点灯確認'),(1008,278,'バッテリ正常'),(1009,278,'外観異常なし'),(1010,279,'外観異常なし'),(1011,279,'汚損なし'),(1012,279,'作動試験OK'),(1013,279,'固定状態良好'),(1014,280,'点灯確認'),(1015,280,'照度正常'),(1016,280,'バッテリ正常'),(1017,281,'起動試験OK'),(1018,281,'水圧正常'),(1019,281,'外観異常なし'),(1020,282,'外観異常なし'),(1021,282,'送水口正常'),(1022,282,'放水口正常'),(1023,283,'圧力正常'),(1024,283,'使用期限内'),(1025,283,'安全栓異常なし'),(1026,283,'外観損傷なし'),(1027,284,'外観異常なし'),(1028,284,'汚損なし'),(1029,284,'作動試験OK'),(1030,284,'固定状態良好'),(1031,285,'圧力正常'),(1032,285,'使用期限内'),(1033,285,'安全栓異常なし'),(1034,285,'外観損傷なし'),(1035,286,'点灯確認'),(1036,286,'バッテリ正常'),(1037,286,'外観異常なし'),(1038,287,'外観異常なし'),(1039,287,'汚損なし'),(1040,287,'作動試験OK'),(1041,287,'固定状態良好'),(1042,288,'ヘッド外観異常なし'),(1043,288,'配管漏れなし'),(1044,288,'制御弁正常'),(1045,288,'流水検知装置正常'),(1046,289,'開放確認'),(1047,289,'排煙量正常'),(1048,289,'手動操作OK'),(1049,290,'開閉良好'),(1050,290,'障害物なし');
INSERT INTO inspection_items (id, equipment_id, item_name) VALUES
(1051,290,'自閉機構正常'),(1052,291,'圧力正常'),(1053,291,'使用期限内'),(1054,291,'安全栓異常なし'),(1055,291,'外観損傷なし'),(1056,292,'圧力正常'),(1057,292,'使用期限内'),(1058,292,'安全栓異常なし'),(1059,292,'外観損傷なし'),(1060,293,'開閉良好'),(1061,293,'障害物なし'),(1062,293,'自閉機構正常'),(1063,294,'外観異常なし'),(1064,294,'汚損なし'),(1065,294,'作動試験OK'),(1066,294,'固定状態良好'),(1067,295,'起動試験OK'),(1068,295,'水圧正常'),(1069,295,'外観異常なし'),(1070,296,'外観異常なし'),(1071,296,'ホース損傷なし'),(1072,296,'バルブ開閉良好'),(1073,296,'水圧正常'),(1074,297,'圧力正常'),(1075,297,'使用期限内'),(1076,297,'安全栓異常なし'),(1077,297,'外観損傷なし'),(1078,298,'開放確認'),(1079,298,'排煙量正常'),(1080,298,'手動操作OK'),(1081,299,'外観異常なし'),(1082,299,'汚損なし'),(1083,299,'作動試験OK'),(1084,299,'固定状態良好'),(1085,300,'圧力正常'),(1086,300,'使用期限内'),(1087,300,'安全栓異常なし'),(1088,300,'外観損傷なし'),(1089,301,'点灯確認'),(1090,301,'バッテリ正常'),(1091,301,'外観異常なし'),(1092,302,'電源正常'),(1093,302,'放送試験OK'),(1094,302,'マイク異常なし'),(1095,303,'電源正常'),(1096,303,'異常表示なし'),(1097,303,'バッテリ正常'),(1098,303,'警報試験OK'),(1099,304,'外観異常なし'),(1100,304,'汚損なし');
INSERT INTO inspection_items (id, equipment_id, item_name) VALUES
(1101,304,'作動試験OK'),(1102,304,'固定状態良好'),(1103,305,'圧力正常'),(1104,305,'使用期限内'),(1105,305,'安全栓異常なし'),(1106,305,'外観損傷なし'),(1107,306,'点灯確認'),(1108,306,'照度正常'),(1109,306,'バッテリ正常'),(1110,307,'外観異常なし'),(1111,307,'汚損なし'),(1112,307,'作動試験OK'),(1113,307,'固定状態良好'),(1114,308,'ヘッド外観異常なし'),(1115,308,'配管漏れなし'),(1116,308,'制御弁正常'),(1117,308,'流水検知装置正常'),(1118,309,'外観異常なし'),(1119,309,'ホース損傷なし'),(1120,309,'バルブ開閉良好'),(1121,309,'水圧正常'),(1122,310,'開放確認'),(1123,310,'排煙量正常'),(1124,310,'手動操作OK'),(1125,311,'圧力正常'),(1126,311,'使用期限内'),(1127,311,'安全栓異常なし'),(1128,311,'外観損傷なし'),(1129,312,'圧力正常'),(1130,312,'使用期限内'),(1131,312,'安全栓異常なし'),(1132,312,'外観損傷なし'),(1133,313,'点灯確認'),(1134,313,'バッテリ正常'),(1135,313,'外観異常なし'),(1136,314,'外観異常なし'),(1137,314,'汚損なし'),(1138,314,'作動試験OK'),(1139,314,'固定状態良好'),(1140,315,'点灯確認'),(1141,315,'バッテリ正常'),(1142,315,'外観異常なし'),(1143,316,'外観異常なし'),(1144,316,'汚損なし'),(1145,316,'作動試験OK'),(1146,316,'固定状態良好'),(1147,317,'点灯確認'),(1148,317,'照度正常'),(1149,317,'バッテリ正常'),(1150,318,'外観異常なし');
INSERT INTO inspection_items (id, equipment_id, item_name) VALUES
(1151,318,'汚損なし'),(1152,318,'作動試験OK'),(1153,318,'固定状態良好'),(1154,319,'圧力正常'),(1155,319,'使用期限内'),(1156,319,'安全栓異常なし'),(1157,319,'外観損傷なし'),(1158,320,'点灯確認'),(1159,320,'バッテリ正常'),(1160,320,'外観異常なし'),(1161,321,'電源正常'),(1162,321,'異常表示なし'),(1163,321,'バッテリ正常'),(1164,321,'警報試験OK'),(1165,322,'外観異常なし'),(1166,322,'汚損なし'),(1167,322,'作動試験OK'),(1168,322,'固定状態良好'),(1169,323,'圧力正常'),(1170,323,'使用期限内'),(1171,323,'安全栓異常なし'),(1172,323,'外観損傷なし'),(1173,324,'点灯確認'),(1174,324,'照度正常'),(1175,324,'バッテリ正常'),(1176,325,'外観異常なし'),(1177,325,'汚損なし'),(1178,325,'作動試験OK'),(1179,325,'固定状態良好'),(1180,326,'ヘッド外観異常なし'),(1181,326,'配管漏れなし'),(1182,326,'制御弁正常'),(1183,326,'流水検知装置正常'),(1184,327,'外観異常なし'),(1185,327,'ホース損傷なし'),(1186,327,'バルブ開閉良好'),(1187,327,'水圧正常'),(1188,328,'開放確認'),(1189,328,'排煙量正常'),(1190,328,'手動操作OK'),(1191,329,'開閉良好'),(1192,329,'障害物なし'),(1193,329,'自閉機構正常'),(1194,330,'外観異常なし'),(1195,330,'汚損なし'),(1196,330,'作動試験OK'),(1197,330,'固定状態良好'),(1198,331,'ヘッド外観異常なし'),(1199,331,'配管漏れなし'),(1200,331,'制御弁正常');
INSERT INTO inspection_items (id, equipment_id, item_name) VALUES
(1201,331,'流水検知装置正常'),(1202,332,'点灯確認'),(1203,332,'バッテリ正常'),(1204,332,'外観異常なし'),(1205,333,'圧力正常'),(1206,333,'使用期限内'),(1207,333,'安全栓異常なし'),(1208,333,'外観損傷なし'),(1209,334,'圧力正常'),(1210,334,'使用期限内'),(1211,334,'安全栓異常なし'),(1212,334,'外観損傷なし'),(1213,335,'開閉良好'),(1214,335,'障害物なし'),(1215,335,'自閉機構正常'),(1216,336,'開放確認'),(1217,336,'排煙量正常'),(1218,336,'手動操作OK'),(1219,337,'外観異常なし'),(1220,337,'汚損なし'),(1221,337,'作動試験OK'),(1222,337,'固定状態良好'),(1223,338,'ヘッド外観異常なし'),(1224,338,'配管漏れなし'),(1225,338,'制御弁正常'),(1226,338,'流水検知装置正常'),(1227,339,'起動試験OK'),(1228,339,'水圧正常'),(1229,339,'外観異常なし'),(1230,340,'外観異常なし'),(1231,340,'送水口正常'),(1232,340,'放水口正常'),(1233,341,'圧力正常'),(1234,341,'使用期限内'),(1235,341,'安全栓異常なし'),(1236,341,'外観損傷なし'),(1237,342,'外観異常なし'),(1238,342,'汚損なし'),(1239,342,'作動試験OK'),(1240,342,'固定状態良好'),(1241,343,'圧力正常'),(1242,343,'使用期限内'),(1243,343,'安全栓異常なし'),(1244,343,'外観損傷なし'),(1245,344,'点灯確認'),(1246,344,'バッテリ正常'),(1247,344,'外観異常なし'),(1248,345,'外観異常なし'),(1249,345,'汚損なし'),(1250,345,'作動試験OK');
INSERT INTO inspection_items (id, equipment_id, item_name) VALUES
(1251,345,'固定状態良好'),(1252,346,'ヘッド外観異常なし'),(1253,346,'配管漏れなし'),(1254,346,'制御弁正常'),(1255,346,'流水検知装置正常'),(1256,347,'開放確認'),(1257,347,'排煙量正常'),(1258,347,'手動操作OK'),(1259,348,'圧力正常'),(1260,348,'使用期限内'),(1261,348,'安全栓異常なし'),(1262,348,'外観損傷なし'),(1263,349,'開閉良好'),(1264,349,'障害物なし'),(1265,349,'自閉機構正常'),(1266,350,'外観異常なし'),(1267,350,'ホース損傷なし'),(1268,350,'バルブ開閉良好'),(1269,350,'水圧正常'),(1270,351,'電源正常'),(1271,351,'放送試験OK'),(1272,351,'マイク異常なし'),(1273,352,'起動試験OK'),(1274,352,'水圧正常'),(1275,352,'外観異常なし'),(1276,353,'圧力正常'),(1277,353,'使用期限内'),(1278,353,'安全栓異常なし'),(1279,353,'外観損傷なし'),(1280,354,'外観異常なし'),(1281,354,'送水口正常'),(1282,354,'放水口正常'),(1283,355,'外観異常なし'),(1284,355,'汚損なし'),(1285,355,'作動試験OK'),(1286,355,'固定状態良好'),(1287,356,'圧力正常'),(1288,356,'使用期限内'),(1289,356,'安全栓異常なし'),(1290,356,'外観損傷なし'),(1291,357,'点灯確認'),(1292,357,'バッテリ正常'),(1293,357,'外観異常なし'),(1294,358,'外観異常なし'),(1295,358,'汚損なし'),(1296,358,'作動試験OK'),(1297,358,'固定状態良好'),(1298,359,'ヘッド外観異常なし'),(1299,359,'配管漏れなし'),(1300,359,'制御弁正常');
INSERT INTO inspection_items (id, equipment_id, item_name) VALUES
(1301,359,'流水検知装置正常'),(1302,360,'外観異常なし'),(1303,360,'ホース損傷なし'),(1304,360,'バルブ開閉良好'),(1305,360,'水圧正常'),(1306,361,'開放確認'),(1307,361,'排煙量正常'),(1308,361,'手動操作OK'),(1309,362,'圧力正常'),(1310,362,'使用期限内'),(1311,362,'安全栓異常なし'),(1312,362,'外観損傷なし'),(1313,363,'電源正常'),(1314,363,'異常表示なし'),(1315,363,'バッテリ正常'),(1316,363,'警報試験OK'),(1317,364,'外観異常なし'),(1318,364,'汚損なし'),(1319,364,'作動試験OK'),(1320,364,'固定状態良好'),(1321,365,'圧力正常'),(1322,365,'使用期限内'),(1323,365,'安全栓異常なし'),(1324,365,'外観損傷なし'),(1325,366,'点灯確認'),(1326,366,'照度正常'),(1327,366,'バッテリ正常'),(1328,367,'圧力正常'),(1329,367,'使用期限内'),(1330,367,'安全栓異常なし'),(1331,367,'外観損傷なし'),(1332,368,'外観異常なし'),(1333,368,'送水口正常'),(1334,368,'放水口正常'),(1335,369,'起動試験OK'),(1336,369,'水圧正常'),(1337,369,'外観異常なし'),(1338,370,'外観異常なし'),(1339,370,'汚損なし'),(1340,370,'作動試験OK'),(1341,370,'固定状態良好'),(1342,371,'圧力正常'),(1343,371,'使用期限内'),(1344,371,'安全栓異常なし'),(1345,371,'外観損傷なし'),(1346,372,'点灯確認'),(1347,372,'バッテリ正常'),(1348,372,'外観異常なし'),(1349,373,'電源正常'),(1350,373,'放送試験OK');
INSERT INTO inspection_items (id, equipment_id, item_name) VALUES
(1351,373,'マイク異常なし'),(1352,374,'圧力正常'),(1353,374,'使用期限内'),(1354,374,'安全栓異常なし'),(1355,374,'外観損傷なし'),(1356,375,'開閉良好'),(1357,375,'障害物なし'),(1358,375,'自閉機構正常'),(1359,376,'外観異常なし'),(1360,376,'汚損なし'),(1361,376,'作動試験OK'),(1362,376,'固定状態良好'),(1363,377,'外観異常なし'),(1364,377,'汚損なし'),(1365,377,'作動試験OK'),(1366,377,'固定状態良好'),(1367,378,'ヘッド外観異常なし'),(1368,378,'配管漏れなし'),(1369,378,'制御弁正常'),(1370,378,'流水検知装置正常'),(1371,379,'開放確認'),(1372,379,'排煙量正常'),(1373,379,'手動操作OK'),(1374,380,'開閉良好'),(1375,380,'障害物なし'),(1376,380,'自閉機構正常'),(1377,381,'外観異常なし'),(1378,381,'ホース損傷なし'),(1379,381,'バルブ開閉良好'),(1380,381,'水圧正常'),(1381,382,'外観異常なし'),(1382,382,'汚損なし'),(1383,382,'作動試験OK'),(1384,382,'固定状態良好'),(1385,383,'圧力正常'),(1386,383,'使用期限内'),(1387,383,'安全栓異常なし'),(1388,383,'外観損傷なし'),(1389,384,'開放確認'),(1390,384,'排煙量正常'),(1391,384,'手動操作OK'),(1392,385,'電源正常'),(1393,385,'放送試験OK'),(1394,385,'マイク異常なし'),(1395,386,'点灯確認'),(1396,386,'バッテリ正常'),(1397,386,'外観異常なし'),(1398,387,'外観異常なし'),(1399,387,'汚損なし'),(1400,387,'作動試験OK');
INSERT INTO inspection_items (id, equipment_id, item_name) VALUES
(1401,387,'固定状態良好'),(1402,388,'点灯確認'),(1403,388,'照度正常'),(1404,388,'バッテリ正常'),(1405,389,'外観異常なし'),(1406,389,'汚損なし'),(1407,389,'作動試験OK'),(1408,389,'固定状態良好'),(1409,390,'圧力正常'),(1410,390,'使用期限内'),(1411,390,'安全栓異常なし'),(1412,390,'外観損傷なし'),(1413,391,'点灯確認'),(1414,391,'バッテリ正常'),(1415,391,'外観異常なし'),(1416,392,'電源正常'),(1417,392,'異常表示なし'),(1418,392,'バッテリ正常'),(1419,392,'警報試験OK'),(1420,393,'外観異常なし'),(1421,393,'汚損なし'),(1422,393,'作動試験OK'),(1423,393,'固定状態良好'),(1424,394,'圧力正常'),(1425,394,'使用期限内'),(1426,394,'安全栓異常なし'),(1427,394,'外観損傷なし'),(1428,395,'点灯確認'),(1429,395,'照度正常'),(1430,395,'バッテリ正常'),(1431,396,'外観異常なし'),(1432,396,'汚損なし'),(1433,396,'作動試験OK'),(1434,396,'固定状態良好'),(1435,397,'ヘッド外観異常なし'),(1436,397,'配管漏れなし'),(1437,397,'制御弁正常'),(1438,397,'流水検知装置正常'),(1439,398,'開放確認'),(1440,398,'排煙量正常'),(1441,398,'手動操作OK'),(1442,399,'外観異常なし'),(1443,399,'ホース損傷なし'),(1444,399,'バルブ開閉良好'),(1445,399,'水圧正常'),(1446,400,'開閉良好'),(1447,400,'障害物なし'),(1448,400,'自閉機構正常'),(1449,401,'外観異常なし'),(1450,401,'汚損なし');
INSERT INTO inspection_items (id, equipment_id, item_name) VALUES
(1451,401,'作動試験OK'),(1452,401,'固定状態良好'),(1453,402,'ヘッド外観異常なし'),(1454,402,'配管漏れなし'),(1455,402,'制御弁正常'),(1456,402,'流水検知装置正常'),(1457,403,'圧力正常'),(1458,403,'使用期限内'),(1459,403,'安全栓異常なし'),(1460,403,'外観損傷なし'),(1461,404,'点灯確認'),(1462,404,'バッテリ正常'),(1463,404,'外観異常なし'),(1464,405,'圧力正常'),(1465,405,'使用期限内'),(1466,405,'安全栓異常なし'),(1467,405,'外観損傷なし'),(1468,406,'開閉良好'),(1469,406,'障害物なし'),(1470,406,'自閉機構正常'),(1471,407,'開放確認'),(1472,407,'排煙量正常'),(1473,407,'手動操作OK'),(1474,408,'外観異常なし'),(1475,408,'汚損なし'),(1476,408,'作動試験OK'),(1477,408,'固定状態良好'),(1478,409,'圧力正常'),(1479,409,'使用期限内'),(1480,409,'安全栓異常なし'),(1481,409,'外観損傷なし'),(1482,410,'点灯確認'),(1483,410,'バッテリ正常'),(1484,410,'外観異常なし'),(1485,411,'点灯確認'),(1486,411,'照度正常'),(1487,411,'バッテリ正常'),(1488,412,'圧力正常'),(1489,412,'使用期限内'),(1490,412,'安全栓異常なし'),(1491,412,'外観損傷なし'),(1492,413,'外観異常なし'),(1493,413,'送水口正常'),(1494,413,'放水口正常'),(1495,414,'起動試験OK'),(1496,414,'水圧正常'),(1497,414,'外観異常なし'),(1498,415,'外観異常なし'),(1499,415,'汚損なし'),(1500,415,'作動試験OK');
INSERT INTO inspection_items (id, equipment_id, item_name) VALUES
(1501,415,'固定状態良好'),(1502,416,'圧力正常'),(1503,416,'使用期限内'),(1504,416,'安全栓異常なし'),(1505,416,'外観損傷なし'),(1506,417,'点灯確認'),(1507,417,'バッテリ正常'),(1508,417,'外観異常なし'),(1509,418,'電源正常'),(1510,418,'放送試験OK'),(1511,418,'マイク異常なし'),(1512,419,'外観異常なし'),(1513,419,'汚損なし'),(1514,419,'作動試験OK'),(1515,419,'固定状態良好'),(1516,420,'ヘッド外観異常なし'),(1517,420,'配管漏れなし'),(1518,420,'制御弁正常'),(1519,420,'流水検知装置正常'),(1520,421,'外観異常なし'),(1521,421,'ホース損傷なし'),(1522,421,'バルブ開閉良好'),(1523,421,'水圧正常'),(1524,422,'開放確認'),(1525,422,'排煙量正常'),(1526,422,'手動操作OK'),(1527,423,'開閉良好'),(1528,423,'障害物なし'),(1529,423,'自閉機構正常'),(1530,424,'起動試験OK'),(1531,424,'水圧正常'),(1532,424,'外観異常なし'),(1533,425,'外観異常なし'),(1534,425,'送水口正常'),(1535,425,'放水口正常'),(1536,426,'圧力正常'),(1537,426,'使用期限内'),(1538,426,'安全栓異常なし'),(1539,426,'外観損傷なし'),(1540,427,'外観異常なし'),(1541,427,'汚損なし'),(1542,427,'作動試験OK'),(1543,427,'固定状態良好'),(1544,428,'圧力正常'),(1545,428,'使用期限内'),(1546,428,'安全栓異常なし'),(1547,428,'外観損傷なし'),(1548,429,'点灯確認'),(1549,429,'バッテリ正常'),(1550,429,'外観異常なし');
INSERT INTO inspection_items (id, equipment_id, item_name) VALUES
(1551,430,'電源正常'),(1552,430,'異常表示なし'),(1553,430,'バッテリ正常'),(1554,430,'警報試験OK'),(1555,431,'外観異常なし'),(1556,431,'汚損なし'),(1557,431,'作動試験OK'),(1558,431,'固定状態良好'),(1559,432,'圧力正常'),(1560,432,'使用期限内'),(1561,432,'安全栓異常なし'),(1562,432,'外観損傷なし'),(1563,433,'点灯確認'),(1564,433,'照度正常'),(1565,433,'バッテリ正常'),(1566,434,'外観異常なし'),(1567,434,'汚損なし'),(1568,434,'作動試験OK'),(1569,434,'固定状態良好'),(1570,435,'ヘッド外観異常なし'),(1571,435,'配管漏れなし'),(1572,435,'制御弁正常'),(1573,435,'流水検知装置正常'),(1574,436,'開放確認'),(1575,436,'排煙量正常'),(1576,436,'手動操作OK'),(1577,437,'外観異常なし'),(1578,437,'ホース損傷なし'),(1579,437,'バルブ開閉良好'),(1580,437,'水圧正常'),(1581,438,'圧力正常'),(1582,438,'使用期限内'),(1583,438,'安全栓異常なし'),(1584,438,'外観損傷なし'),(1585,439,'電源正常'),(1586,439,'異常表示なし'),(1587,439,'バッテリ正常'),(1588,439,'警報試験OK'),(1589,440,'外観異常なし'),(1590,440,'汚損なし'),(1591,440,'作動試験OK'),(1592,440,'固定状態良好'),(1593,441,'圧力正常'),(1594,441,'使用期限内'),(1595,441,'安全栓異常なし'),(1596,441,'外観損傷なし'),(1597,442,'点灯確認'),(1598,442,'照度正常'),(1599,442,'バッテリ正常'),(1600,443,'点灯確認');
INSERT INTO inspection_items (id, equipment_id, item_name) VALUES
(1601,443,'バッテリ正常'),(1602,443,'外観異常なし'),(1603,444,'外観異常なし'),(1604,444,'汚損なし'),(1605,444,'作動試験OK'),(1606,444,'固定状態良好'),(1607,445,'点灯確認'),(1608,445,'照度正常'),(1609,445,'バッテリ正常'),(1610,446,'起動試験OK'),(1611,446,'水圧正常'),(1612,446,'外観異常なし'),(1613,447,'外観異常なし'),(1614,447,'送水口正常'),(1615,447,'放水口正常'),(1616,448,'圧力正常'),(1617,448,'使用期限内'),(1618,448,'安全栓異常なし'),(1619,448,'外観損傷なし'),(1620,449,'外観異常なし'),(1621,449,'汚損なし'),(1622,449,'作動試験OK'),(1623,449,'固定状態良好'),(1624,450,'圧力正常'),(1625,450,'使用期限内'),(1626,450,'安全栓異常なし'),(1627,450,'外観損傷なし'),(1628,451,'点灯確認'),(1629,451,'バッテリ正常'),(1630,451,'外観異常なし'),(1631,452,'電源正常'),(1632,452,'放送試験OK'),(1633,452,'マイク異常なし'),(1634,453,'外観異常なし'),(1635,453,'汚損なし'),(1636,453,'作動試験OK'),(1637,453,'固定状態良好'),(1638,454,'ヘッド外観異常なし'),(1639,454,'配管漏れなし'),(1640,454,'制御弁正常'),(1641,454,'流水検知装置正常'),(1642,455,'開放確認'),(1643,455,'排煙量正常'),(1644,455,'手動操作OK'),(1645,456,'開閉良好'),(1646,456,'障害物なし'),(1647,456,'自閉機構正常'),(1648,457,'外観異常なし'),(1649,457,'ホース損傷なし'),(1650,457,'バルブ開閉良好');
INSERT INTO inspection_items (id, equipment_id, item_name) VALUES
(1651,457,'水圧正常'),(1652,458,'圧力正常'),(1653,458,'使用期限内'),(1654,458,'安全栓異常なし'),(1655,458,'外観損傷なし'),(1656,459,'圧力正常'),(1657,459,'使用期限内'),(1658,459,'安全栓異常なし'),(1659,459,'外観損傷なし'),(1660,460,'開閉良好'),(1661,460,'障害物なし'),(1662,460,'自閉機構正常'),(1663,461,'開放確認'),(1664,461,'排煙量正常'),(1665,461,'手動操作OK'),(1666,462,'外観異常なし'),(1667,462,'汚損なし'),(1668,462,'作動試験OK'),(1669,462,'固定状態良好'),(1670,463,'起動試験OK'),(1671,463,'水圧正常'),(1672,463,'外観異常なし'),(1673,464,'外観異常なし'),(1674,464,'送水口正常'),(1675,464,'放水口正常'),(1676,465,'圧力正常'),(1677,465,'使用期限内'),(1678,465,'安全栓異常なし'),(1679,465,'外観損傷なし'),(1680,466,'外観異常なし'),(1681,466,'ホース損傷なし'),(1682,466,'バルブ開閉良好'),(1683,466,'水圧正常');

-- END OF FILE

-- ============================================================
-- MIGRATION: 既存DBへのカラム追加（初回セットアップでは不要）
-- すでにテーブルが存在する場合は以下を SQL Editor で実行
-- ============================================================
/*
ALTER TABLE equipment
  ADD COLUMN IF NOT EXISTS inspection_cycle_years integer NOT NULL DEFAULT 1,
  ADD COLUMN IF NOT EXISTS last_inspected_at date;

ALTER TABLE inspection_results
  ADD COLUMN IF NOT EXISTS equipment_id integer REFERENCES equipment(id),
  ADD COLUMN IF NOT EXISTS room_id integer REFERENCES rooms(id),
  ADD COLUMN IF NOT EXISTS factory_id integer REFERENCES factories(id),
  ADD COLUMN IF NOT EXISTS record_type text NOT NULL DEFAULT 'inspection',
  ADD COLUMN IF NOT EXISTS confirmed_at timestamptz;
*/
